brand,product,shipping,price
Brand: MSI,MSI RX 560 AERO ITX 4GB 4GB 128-Bit GDDR5 Single Fan Cooling R560AI4C,none,$149.99
Brand: EVGA,EVGA GeForce GT 710 Dual DVI Single Slot 2GB 64-Bit DDR3 Video Graphics Card 02G-P3-2717-KR ,none,$64.99
Brand: XFX,XFX Radeon R7 240 2GB 128-Bit DDR3 Graphics Card,none,$59.99
Brand: EVGA,EVGA GeForce 210 1GB 64-Bit DDR3 Video Graphics Card 01G-P3-1312-LR,none,$39.99
Brand: XFX,XFX Radeon RX 560 4GB 128-Bit GDDR5 Video Graphics Card RX-560P4SFG5 ,none,$139.99
Brand: MSI, MSI RX 560 AERO ITX 2GB 128-Bit GDDR5 Video Graphics Card  R560AI2C ,none,$109.99
Brand: EVGA,EVGA GeForce GT730 2GB 64-Bit DDR3 Video Graphics Card 02G-P3-1733-KR ,none,$79.99
Brand: EVGA,EVGA Single Slot GeForce GT 1030 2GB 64-Bit GDDR5 Video Graphics Card 02G-P4-6338-KR,none,$104.99
Brand: MSI,MSI Radeon RX580 ARMOR8G 8GB 256-Bit GDDR5 ARMOR MK2 OC Edition R580AR28C,none,$219.99
Brand: Gigabyte,Gigabyte GeForce RTX 2080 GAMING OC 8GB 256-Bit GDDR6 GV-N2080GAMING OC-8GC,none,$789.99
Brand: EVGA,EVGA GeForce GTX 1660 Ti XC ULTRA GAMING 6GB 192-Bit GDDR6 Video Graphics Card 06G-P4-1267-KR,none,$319.99
Brand: EVGA,EVGA GeForce RTX 2060 SC GAMING 6GB 192-Bit GDDR6 Video Graphics Card 06G-P4-2062-KR,none,$369.99
Brand: MSI,MSI GeForce GTX 1660 Ti VENTUS XS OC 6GB 192-Bit GDDR6 Video Graphics Card GTX 1660 TI VENTUS XS 6G OC,none,$289.99
Brand: MSI,MSI GeForce RTX 2070 VENTUS 8GB 256-Bit GDDR6 Video Graphics Card RTX 2070 VENTUS 8G,none,$524.99
Brand: MSI,MSI GeForce GT 710 2GB 2GB 64-Bit DDR3 0dB Silent Cooling / LP GT710 2GD3H LP,none,$49.99
Brand: MSI,MSI GeForce RTX 2060 VENTUS OC 6GB 192-Bit GDDR6 Video Graphics Card RTX 2060 VENTUS 6G OC,none,$359.99
Brand: MSI,MSI GeForce RTX 2060 GAMING Z 6GB 192-Bit GDDR6 Video Graphics Card RTX 2060 GAMING Z 6G,none,$389.99
Brand: MSI,MSI GeForce RTX 2060 VENTUS XS OC 6GB 192-Bit GDDR6 Video Graphics Card G2060VXS6C,none,$349.99
Brand: EVGA,EVGA GeForce RTX 2070 XC BLACK EDITION GAMING 8GB 256-Bit GDDR6 Video Graphics Card 08G-P4-1171-KR,none,$539.99
Brand: MSI,MSI GeForce GTX 1650 GAMING X 4GB 128-Bit GDDR5 Video Graphics Card GTX 1650 GAMING X 4G,none,$179.99
Brand: EVGA,EVGA GeForce RTX 2060 XC GAMING 6GB 192-Bit GDDR6 Video Graphics Card 06G-P4-2063-KR,none,$379.99
Brand: Gigabyte,Gigabtye GeForce RTX 2070 GAMING OC 8GB 256-Bit GDDR6 Video Graphics Card GV-N2070GAMING OC-8GC,none,$559.99
Brand: MSI,MSI GeForce GTX 1660 GAMING X 6GB 192-Bit GDDR6 Video Graphics Card G1660GX6,none,$249.99
Brand: EVGA,EVGA GeForce RTX 2060 SC ULTRA Dual Fan 6GB 192-Bit GDDR6 Video Graphics Card 06G-P4-2067-KR,none,$369.99
Brand: MSI,MSI GeForce GTX 1660 Ti GAMING X 6GB 192-Bit GDDR6 Video Graphics Card GTX 1660 TI GAMING X 6G,none,$308.48
Brand: MSI,MSI GeForce GTX 1050 Ti GAMING X 4GB 128-Bit GDDR5 Video Graphics Card GTX 1050 TI Gaming X 4G ,none,$169.99
Brand: MSI,MSI Radeon VII 16GB 4096-Bit HBM2 Video Graphics Card Radeon VII 16G,none,$699.99
Brand: Gigabyte,Gigabyte GeForce RTX 2060 GAMING OC PRO 6GB 192-Bit GDDR6 Video Graphics Card GV-N2060GAMINGOC PRO-6GD,none,$389.99
Brand: XFX,XFX Radeon VII 16GB 4096-Bit HBM2 Video Graphics Card RX-VEGMA3FD6,none,$699.99
Brand: XFX,XFX Radeon RX 590 FATBOY OC+ 8GB 256-Bit GDDR5 Video Graphics Card RX-590P8DFD6,none,$239.99
Brand: XFX,XFX Radeon RX 580 8GB OC 8GB 256-Bit GDDR5 Dual Dissapation Cooling RX-580P8DBD6,none,$219.99
Brand: XFX,XFX Radeon RX 570 RS BLACK EDITION 8GB 256-Bit GDDR5 Video Graphics Card RX-570P8DBD6,none,$189.99
Brand: Gigabyte,Gigabyte GeForce RTX 2080 Ti GAMING OC 11GB 352-Bit GDDR6 Video Graphics Card GV-N208TGAMING OC-11GC,none,$1|249.99
Brand: MSI,MSI GeForce RTX 2080 GAMING X TRIO 8GB 256-Bit GDDR6 Video Graphics Card G2080GXT,none,$769.99
Brand: MSI,MSI GeForce RTX 2080 VENTUS 8GB 256-Bit GDDR6 Video Graphics Card RTX 2080 VENTUS 8G,none,$699.99
Brand: MSI,MSI GeForce RTX 2070 GAMING 8GB 256-Bit GDDR6 Video Graphics Card RTX 2070 GAMING 8G,none,$519.99
Brand: EVGA,EVGA GeForce RTX 2080 FTW3 ULTRA GAMING 8GB 256-Bit GDDR6 Video Graphics Card 08G-P4-2287-KR,none,$849.99
Brand: EVGA,EVGA GeForce RTX 2070 XC GAMING 8GB 256-Bit GDDR6 Video Graphics Card 08G-P4-2172-KR,none,$569.99
Brand: MSI,MSI GeForce RTX 2070 ARMOR OC V1 8GB 256-Bit GDDR6 Video Graphics Card,none,$499.99
Brand: EVGA,EVGA GeForce RTX 2070 XC ULTRA GAMING 8GB 256-Bit GDDR6 Video Graphics Card 08G-P4-2173-KR,none,$579.99
Brand: MSI,MSI Radeon RX570 ARMOR MK2 OC Edition 8GB 256-Bit GDDR5 Video Graphics Card R570AR28C,none,$194.99
Brand: MSI,MSI Radeon RX 570 ARMOR MK2 8GB 256-Bit GDDR5 Video Graphics Card RX 570 ARMOR MK2 8G,none,$184.99
Brand: Gigabyte,Gigabtye GeForce RTX 2060 OC 6GB 192-Bit GDDR6 Video Graphics Card GV-N2060OC-6GD REV2.0,none,$345.61
Brand: MSI,MSI Radeon RX Vega 56 Air Boost 8G OC 8GB 2048-Bit HBM2 Video Graphics Card RVega56AB8C ,none,$410.00
Brand: Gigabyte,Gigabyte GeForce RTX 2060 WINDFORCE OC 6GB 192-Bit GDDR6 Video Graphics Card GV-N2060WF2OC-6GD Rev2.0,none,$352.59
Brand: MSI,MSI GeForce GT 710 1GB 1GB 64-Bit DDR3 0dB Silent Cooling GT 710 1GD3H LPV1,none,$35.99
Brand: MSI,MSI Radeon R7 240 2GB 64-Bit DDR3 Video Graphics Card R72402364P,none,$49.99
Brand: MSI,MSI GeForce GT 1030 2GB 2GB 64-Bit GDDR5 OC Edition / Low Profile G10302PC,none,$99.99
Brand: MSI,MSI Radeon RX 590 ARMOR OC 8GB 256-Bit GDDR5 Video Graphics Card R590AR8C,none,$239.99
Brand: MSI,MSI NVIDIA GeForce®GT 730 PCI Express 2.0 2GB 128-Bit DDR3 Video Graphics Card N730 2GD3V3,none,$69.99
Brand: Gigabyte,Gigabyte GeForce GT 1030 Low Profile 2GB 64-Bit GDDR5 Video Graphics Card GV-N1030D5-2GL,none,$89.99
Brand: MSI,MSI GeForce GTX 1050 OC 2GB 128-Bit GDDR5 Video Graphics Card G10502TC,none,$129.99
Brand: XFX,XFX Radeon RX 550 Core Edition 4GB 128-Bit GDDR5 Video Graphics Card RX-550P4SFG5,none,$114.99
Brand: Gigabyte,Gigabyte GeForce RTX 2080 GAMING OC White 8GB 256-Bit GDDR6 Video Graphics Card GV-N2080GAMINGOC WHITE-8GC,none,$789.99
Brand: MSI,MSI GeForce GTX 1650 VENTUS XS OC 4GB 128-Bit GDDR5 Video Graphics Card GTX 1650 VENTUS XS 4G OC,none,$169.99
Brand: Asus,Asus GeForce RTX 2060 Phoenix 6GB 192-Bit GDDR6 Video Graphics Card PH-RTX2060-6G,none,$349.99
Brand: Asus,Asus GeForce GTX 1060 STRIX Advanced 6GB 192-Bit GDDR5 Video Graphics Card ROG-STRIX-GTX1060-A6G-GAMING,none,$374.99
Brand: Asus,Asus Radeon VII 16GB 4069-Bit HBM2 Video Graphics Card RADEONVII-16G,none,$699.99
Brand: XFX,XFX Radeon RX 5700 XT 8GB 256-Bit GDDR6 Video Graphics Card RX-57XT8MFD6,none,$399.99
Brand: XFX,XFX Radeon RX 5700 8GB 256-Bit GDDR6 Video Graphics Card RX-57XL8MFG6,none,$349.99
Brand: MSI,MSI GeForce GTX 1650 AERO ITX OC 4GB 128-Bit GDDR5 Video Graphics Card GTX 1650 AERO ITX 4G OC,none,$159.99
Brand: MSI,MSI GeForce RTX 2080 Ti GAMING X TRIO 11GB 352-Bit GDDR6 Video Graphic Card G208TGXT,none,$1|249.99
Brand: EVGA,EVGA GeForce GTX 1060 SC GAMING 3GB 192-Bit GDDR5 Video Graphics Card 03G-P4-6162-KR,none,$249.99
Brand: MSI,MSI GeForce GTX 1660 VENTUS XS OC 6GB 192-Bit GDDR6 Video Graphics Card G1660VXS6C,none,$229.99
Brand: Gigabyte,Gigabyte GeForce GTX 1660 Ti OC 6GB 192-Bit GDDR6 Video Graphics Card GV-N166TOC-6GD,none,$279.99
Brand: Gigabyte,Gigabyte GeForce GTX 1660 Ti WINDFORCE OC 6GB 192-Bit GDDR6 Video Graphics Card GV-N166TWF2OC-6GD,none,$289.99
Brand: Gigabyte,Gigabyte GeForce RTX 2060 MINI ITX OC 6GB 192-Bit GDDR6 Video Graphics Card GV-N2060IXOC-6GD,none,$349.99
Brand: Gigabyte,Gigabyte RX 580 G1 8GB 8GB 256-Bit GDDR5 G1 Gaming OC Edition GV-RX580GAMING-8GD,none,$234.99
Brand: Gigabyte,Gigabtye GeForce RTX 2080 WINDFORCE 8GB 256-Bit GDDR6 Video Graphics Card GV-N2080WF3-8GC,none,$699.99
Brand: Gigabyte,GeForce RTX 2060 OC 6GB 192-Bit GDDR6 Video Graphics Card GV-N2060OC-6GD,none,$359.99
Brand: Gigabyte,Gigabyte GeForce GTX 1660 OC 6GB 192-Bit GDDR5 Video Graphics Card GV-N1660OC-6GD,none,$219.99
Brand: Gigabyte,Gigabyte GeForce GTX 1650 OC 4GB 128-Bit GDDR5 Video Graphics Card GV-N1650OC-4GD,none,$159.99
Brand: Gigabyte,Gigabtye GeForce RTX 2070 WINDFORCE 8GB 256-Bit GDDR6 Video Graphics Card GV-N2070WF3-8GC,none,$499.99
Brand: Gigabyte,GeForce RTX 2070 MINI ITX 8GB 256-Bit GDDR6 Video Graphics Card GV-N2070IX-8GC,none,$499.99
Brand: Gigabyte,Gigabyte GeForce RTX 2080 AORUS XTREME 8GB 256-Bit GDDR6 Video Graphics Card GV-N2080AORUS X-8GC,none,$879.99
Brand: Gigabyte,Gigabyte GeForce GTX 1650 WINDFORCE OC 4GB 128-Bit GDDR5 Video Graphics Card GV-N1650WF2OC-4GD,none,$169.99
Brand: Gigabyte,Gigabyte GeForce GTX 1650 GAMING OC 4GB 128-Bit GDDR5 Video Graphics Card GV-N1650GAMING OC-4GD,none,$179.99
Brand: MSI,MSI GeForce GT 730 2GB 2GB 64-Bit GDDR5 Supports 3 Monitors N730K 2GD5LP/OC,none,$89.99
Brand: Gigabyte,Gigabyte GeForce RTX 2080 Ti AORUS OC 11GB 352-Bit GDDR6 Video Graphics Card GV-N208TAORUS-11GC,none,$1|249.99
Brand: Gigabyte,Gigabyte Radeon RX 590 GAMING OC 8GB 256-Bit GDDR5 Video Graphics Card GV-RX590GAMING-8GD,none,$229.99
